step,disp,axial_strain,vol_strain,void_ratio,packing,sigma_yy,p_mean,escaped
1,0.00022,0.0005957246035415956,0.004730627788685606,0.46277389915474043,0.6836326520303972,376654.28125,352563.28125,0
2,0.00044,0.0011914492070831911,0.005698542317813915,0.4613513293968911,0.684298142331527,407164.25,424782.453125,0
3,0.00066,0.0017871738106247867,0.005384296930418022,0.4618131842107202,0.6840819407029306,279606.90625,287720.984375,0
4,0.00088,0.0023828984141663822,0.0049089745545163824,0.462511778163841,0.6837551771757239,208248.09375,228412.5546875,0
5,0.0011,0.002978623017707978,0.004062432666025829,0.4637559633197389,0.6831739887378773,217874.53125,213890.1640625,0
6,0.00132,0.0035743476212495733,0.004488850906138685,0.4631292450772447,0.6834666201667002,270162.375,254343.796875,0
7,0.0015400000000000001,0.0041700722247911695,0.003162790247256341,0.46507819173899045,0.682557426380799,310896.125,278773.125,0
8,0.00176,0.0047657968283327645,0.0028971261960733046,0.46546864526932547,0.6823755685446404,412282.15625,355637.28125,0
9,0.00198,0.00536152143187436,0.0033316144255902645,0.46483006634851004,0.6826730437700352,482052.71875,403565.875,0
10,0.0022,0.005957246035415956,0.0024794235445168107,0.46608255397923287,0.6820898299934105,564935.4375,503991.265625,0
11,0.0024200000000000003,0.006552970638957552,0.002415186428860176,0.46617696497866984,0.6820459084313524,640684.6875,543998.609375,0
12,0.00264,0.007148695242499147,0.001657575823602863,0.4672904454594677,0.6815283252845415,746973.625,670947.25,0
13,0.00286,0.0077444198460407425,6.924050908714178e-05,0.46962486416665367,0.6804457548199193,809537.75,716487.625,0
14,0.0030800000000000003,0.008340144449582339,0.0007969921535492433,0.46855526819564447,0.6809413453186957,949644.875,866053.1875,0
15,0.0033,0.008935869053123933,0.0006568971374939779,0.46876116957130115,0.6808458861231181,1091550.5,980466.90625,0
16,0.00352,0.009531593656665529,0.000554892471426126,0.4689110885452816,0.6807763981074838,1076153.5,1013120.59375,0
17,0.0037400000000000003,0.010127318260207125,0.0009748547200157257,0.46829385884544433,0.6810625774777296,1237509.5,1160463.75,0
18,0.00396,0.01072304286374872,0.0008302405098941138,0.468506402200961,0.6809640043116085,1307207.25,1222654.125,0
19,0.0041800000000000006,0.011318767467290316,0.0024229336186880833,0.46616557872748154,0.6820512052042054,1349471.25,1281614.8125,0
20,0.0044,0.011914492070831912,0.0014592154840500585,0.4675819809326036,0.681392939537545,1386194.75,1315527.9375,0
21,0.00462,0.012510216674373506,0.0020804432683779617,0.4666689459154348,0.6818171222517028,1435080.125,1327484.25,0
22,0.0048400000000000006,0.013105941277915104,0.002399046450051968,0.46620068633531236,0.6820348737521361,1500455.875,1452831.9375,0
23,0.00506,0.013701665881456698,0.0030606241814003904,0.4652283479265373,0.6824874780883896,1546824.75,1471196.5625,0
24,0.00528,0.014297390484998293,0.005008719623551128,0.46236518017979045,0.6838237217033949,1561937.25,1569757.3125,0
25,0.0055000000000000005,0.014893115088539891,0.004758388552235809,0.46273309842131527,0.6836517209320487,1567901.75,1562994.3125,0
26,0.00572,0.015488839692081485,0.005240005519872741,0.4620252531391038,0.6839827136042331,1512475.25,1566783.8125,0
27,0.00594,0.01608456429562308,0.00876384709306875,0.4568461693433522,0.6864142701152397,1503839.0,1516042.875,0
28,0.0061600000000000005,0.016680288899164678,0.008295464908054526,0.45753456311311685,0.6860900765633451,1547092.125,1526383.875,0
29,0.00638,0.017276013502706272,0.010078448366997197,0.45491406484482266,0.6873258181792733,1425646.875,1426786.25,0
30,0.0066,0.017871738106247866,0.011109793012841785,0.4533982701553684,0.6880426518555716,1548136.25,1515675.0625,0
31,0.0068200000000000005,0.018467462709789464,0.012677307754694852,0.45109445199825127,0.6891350171058369,1473112.625,1438732.0,0
32,0.00704,0.019063187313331058,0.012875668094247792,0.45080291652511517,0.6892734971853696,1389367.375,1351675.8125,0
33,0.00726,0.019658911916872652,0.015299247312088267,0.4472409176116811,0.6909699607237865,1337362.625,1406078.125,0
34,0.0074800000000000005,0.02025463652041425,0.016046851130484433,0.44614214437200167,0.6914949570425926,1297873.75,1358439.6875,0
35,0.0077,0.020850361123955843,0.018006405957588935,0.44326213446203877,0.6928748258006089,1322365.25,1355707.25,0
36,0.00792,0.02144608572749744,0.01935054339273653,0.4412866198808534,0.6938245219279611,1326412.25,1347148.875,0
37,0.00814,0.022041810331039035,0.018849074251165533,0.44202364243173503,0.6934699061616388,1353727.75,1315391.5625,0
38,0.008360000000000001,0.022637534934580632,0.020016317518575102,0.44030811391935126,0.6942958873423344,1407133.875,1416546.1875,0
39,0.00858,0.02323325953812223,0.020761500340150063,0.43921289888316817,0.6948242339795605,1364865.875,1315593.0625,0
40,0.0088,0.023828984141663824,0.020499387084304783,0.4395981337150419,0.6946382998006462,1421026.125,1412399.4375,0
41,0.00902,0.024424708745205418,0.022610334912630217,0.4364956174797727,0.6961385665446216,1418390.75,1401202.5,0
42,0.00924,0.025020433348747012,0.02036736205765362,0.4397921744123774,0.6945446834423379,1428318.0,1452637.0625,0
43,0.00946,0.025616157952288606,0.02240858517752762,0.4367921344378036,0.6959949014415268,1391593.25,1422713.9375,0
44,0.009680000000000001,0.026211882555830207,0.022245248591988495,0.4370321945670256,0.6958786336038196,1484518.0,1490448.6875,0
45,0.0099,0.0268076071593718,0.024958540429436356,0.433044397301859,0.6978150864570585,1501871.625,1487637.6875,0
46,0.01012,0.027403331762913395,0.02519821911473827,0.4326921351557182,0.6979866612385017,1566524.25,1555124.3125,0
47,0.01034,0.027999056366454993,0.026237795149774923,0.4311642425743764,0.6987318228418014,1423744.5,1424006.375,0
48,0.01056,0.028594780969996587,0.02658335209605864,0.430656368328661,0.6989798683580686,1410659.875,1444707.4375,0
49,0.01078,0.02919050557353818,0.02607268316656699,0.4314069120528289,0.6986133653398853,1332597.75,1343438.3125,0
50,0.011000000000000001,0.029786230177079782,0.027861961217244817,0.42877716245544417,0.6998992049127077,1383432.625,1368039.75,0
51,0.01122,0.030381954780621376,0.02724864202253292,0.42967857400785825,0.6994579188500194,1349470.125,1368081.5,0
52,0.01144,0.03097767938416297,0.02776964053846192,0.4289128486154391,0.6998327441515843,1280380.625,1289666.125,0
53,0.01166,0.031573403987704564,0.02931988550299036,0.4266344123099292,0.7009504266624651,1373563.0,1345693.3125,0
54,0.01188,0.03216912859124616,0.028437351461757535,0.4279314960911398,0.7003137074414483,1222815.875,1232958.5,0
55,0.0121,0.03276485319478775,0.03006135612943933,0.42554465318577406,0.7014862689605852,1295674.75,1297297.5,0
56,0.012320000000000001,0.033360577798329356,0.02966237585330048,0.42613104512197597,0.701197834112412,1358141.875,1315192.5,0
57,0.01254,0.03395630240187095,0.031137408516582553,0.4239631503384202,0.7022653639332866,1295049.625,1296757.125,0
58,0.01276,0.034552027005412544,0.03293879155136667,0.4213156097235535,0.7035735013101703,1303842.625,1295786.5,0
59,0.01298,0.035147751608954135,0.03380905920870524,0.4200365541733912,0.7042072241457924,1316675.5,1332506.3125,0
60,0.0132,0.03574347621249573,0.034519379676054486,0.41899257726755584,0.7047253213442615,1276158.875,1296143.4375,0
61,0.01342,0.03633920081603733,0.03529926345206706,0.41784636131459146,0.7052950356855486,1312831.125,1324299.9375,0
62,0.013640000000000001,0.03693492541957893,0.035518928563646815,0.4175235136506873,0.7054556699554153,1249037.5,1249013.5625,0
63,0.01386,0.037530650023120525,0.035185638001257215,0.4180133596653546,0.7052119736276645,1237316.375,1204916.8125,0
64,0.01408,0.038126374626662116,0.03699154023010768,0.4153591770706279,0.7065344374773492,1175276.875,1202946.625,0
65,0.0143,0.03872209923020371,0.03721766133321069,0.4150268408640668,0.7067003756546156,1151702.625,1160143.6875,0
66,0.01452,0.039317823833745304,0.03748009738863203,0.41464113160506033,0.7068930611860508,1349107.875,1311225.6875,0
67,0.014740000000000001,0.03991354843728691,0.03872319855644023,0.41281411271645685,0.7078071991206771,1232348.5,1215405.3125,0
68,0.014960000000000001,0.0405092730408285,0.03750995634942724,0.4145972470952717,0.706914990859339,1347278.0,1367358.4375,0
69,0.01518,0.041104997644370096,0.03823819219325364,0.4135269394835631,0.7074502593953769,1267167.375,1229187.4375,0
70,0.0154,0.04170072224791169,0.038696244791830516,0.4128537273820498,0.7077873530849879,1374714.25,1397487.9375,0
71,0.01562,0.042296446851453284,0.038520319022821076,0.4131122901694527,0.7076578464122518,1314275.25,1301851.875,0
72,0.01584,0.04289217145499488,0.04058478371217893,0.41007809144131374,0.7091805808980751,1340344.625,1382154.8125,0
73,0.01606,0.04348789605853648,0.0410407381135108,0.4094079631161638,0.7095177735401937,1381382.125,1351983.3125,0
74,0.01628,0.04408362066207807,0.04246024924969273,0.407321669799458,0.7105696028559689,1490289.875,1486950.375,0
75,0.0165,0.04467934526561967,0.041552214041942946,0.4086562333241637,0.709896407898035,1393936.625,1366597.8125,0
76,0.016720000000000002,0.045275069869161265,0.04344252835996017,0.4058779880341971,0.7112992795329801,1451642.375,1476660.8125,0
77,0.01694,0.045870794472702855,0.04397514766063103,0.40509518326499544,0.7116955576463633,1369502.5,1317705.75,0
78,0.01716,0.04646651907624446,0.04473517926270955,0.40397814458070125,0.7122617997010562,1387166.375,1395344.25,0
79,0.01738,0.04706224367978605,0.044336521786146894,0.40456406208977025,0.7119646778603729,1338844.75,1314164.5,0
80,0.0176,0.04765796828332765,0.04546874129954265,0.4029000089213007,0.7128091764493656,1275838.875,1289243.875,0
81,0.01782,0.04825369288686924,0.04691569039969845,0.4007733892983028,0.7138913457664523,1287589.875,1275723.0,0
82,0.01804,0.048849417490410836,0.04707741298735672,0.40053570130474514,0.7140125018365442,1353885.375,1329969.875,0
83,0.018260000000000002,0.049445142093952434,0.04703625604139571,0.40059619076418357,0.7139816648040339,1282960.625,1292586.8125,0
84,0.01848,0.050040866697494024,0.047538209382331005,0.39985845657260255,0.7143579376220568,1382173.75,1383667.125,0
85,0.0187,0.05063659130103563,0.04821011670011677,0.3988709364955762,0.7148622320406343,1410870.0,1400804.875,0
86,0.01892,0.05123231590457721,0.049418678313275316,0.39709468131018777,0.7157711022578696,1352619.0,1338067.5,0
87,0.01914,0.05182804050811882,0.04890494278781006,0.3978497320921177,0.7153844773453091,1360406.125,1353451.25,0
88,0.019360000000000002,0.052423765111660414,0.04905213939454098,0.3976333933195383,0.715495211247698,1331947.875,1348004.5625,0
89,0.01958,0.053019489715202005,0.04872595042282703,0.3981128019372828,0.7152498701208935,1388429.0,1363377.1875,0
90,0.0198,0.0536152143187436,0.050442598568868055,0.3955897984447891,0.7165429276671236,1395489.5,1423720.1875,0
91,0.02002,0.05421093892228519,0.05111789528220348,0.3945972968828679,0.7170528741416239,1412084.375,1411771.8125,0
92,0.02024,0.05480666352582679,0.05184064353323494,0.393535054532418,0.7175994581173536,1430564.875,1442916.0625,0
93,0.02046,0.05540238812936838,0.05195991797662769,0.39335975370682996,0.7176897404562219,1399351.375,1389935.5625,0
94,0.02068,0.055998112732909985,0.05385152349294957,0.39057961070833197,0.7191245954560064,1440459.75,1411898.6875,0
95,0.020900000000000002,0.05659383733645158,0.05399597630328308,0.39036730456638175,0.7192344042582857,1437586.375,1408015.0625,0
96,0.02112,0.05718956193999317,0.055336078743728624,0.38839772032435693,0.7202547118605037,1587029.875,1558067.8125,0
97,0.02134,0.05778528654353477,0.05490062211548307,0.3890377225265711,0.7199228529093247,1534283.375,1501483.8125,0
98,0.02156,0.05838101114707636,0.054453706102283894,0.38969456689200105,0.7195825786643621,1554623.625,1498822.875,0
99,0.02178,0.05897673575061796,0.05638194937050044,0.38686057641392463,0.721053014994305,1576501.875,1606394.5625,0
100,0.022000000000000002,0.059572460354159563,0.056203441204881695,0.3871229346183903,0.7209166361848878,1571945.375,1604600.8125,0
101,0.02222,0.060168184957701154,0.05644973728149496,0.3867609467160261,0.7211048179342585,1558949.125,1540879.5,0
102,0.02244,0.06076390956124275,0.056965732403993316,0.3860025749441663,0.7214993810818021,1582075.25,1598236.5,0
103,0.02266,0.06135963416478434,0.05592341257255926,0.38753450015613733,0.7207028004618778,1606881.375,1609384.8125,0
104,0.02288,0.06195535876832594,0.05927374937356704,0.3826104209442923,0.7232695377176618,1603714.75,1579202.25,0
105,0.023100000000000002,0.06255108337186754,0.059187561886731195,0.38273709298876313,0.7232032792571701,1592458.375,1572343.25,0
106,0.02332,0.06314680797540913,0.05980749847275445,0.3818259556801257,0.7236801392312873,1413895.0,1432171.6875,0
107,0.023540000000000002,0.06374253257895073,0.061670374826797804,0.3790880366964512,0.7251168695476896,1409120.375,1454520.125,0
108,0.02376,0.06433825718249232,0.06141487896226388,0.37946354577210156,0.7249194826966512,1387790.5,1397951.5625,0
109,0.02398,0.06493398178603392,0.06185049699029739,0.37882330635632117,0.7252560900225862,1358794.5,1386388.5,0
110,0.0242,0.0655297063895755,0.06335490441501052,0.37661223870367594,0.7264209716322709,1391260.5,1383965.5,0
111,0.02442,0.0661254309931171,0.06313088150915251,0.37694149113387365,0.7262472708092538,1284502.75,1347649.25,0
112,0.024640000000000002,0.06672115559665871,0.06367818819053883,0.37613709993012734,0.7266717829573627,1442163.25,1428570.9375,0
113,0.02486,0.0673168802002003,0.06592180664466782,0.3728395941432568,0.7284172195106788,1515147.0,1433731.5625,0
114,0.02508,0.0679126048037419,0.06357456952659013,0.376289391039772,0.7265913742490674,1482753.125,1476749.5625,0
115,0.0253,0.06850832940728349,0.06719444397369502,0.3709691651719976,0.7294110074857468,1398400.75,1396365.75,0
116,0.02552,0.06910405401082509,0.06574555807608218,0.37309863135779264,0.7282798024575605,1518132.125,1491892.125,0
117,0.025740000000000002,0.06969977861436669,0.06638228024006602,0.3721628238382469,0.7287764852882225,1341881.625,1340039.6875,0
118,0.02596,0.07029550321790827,0.06692474492780981,0.37136554904149344,0.7292001762031598,1481187.5,1493531.9375,0
119,0.026180000000000002,0.07089122782144988,0.06669523442915713,0.3717028667329494,0.7290208573973079,1505505.875,1490238.25,0
120,0.0264,0.07148695242499147,0.06885379519496683,0.3685303724955848,0.730710856037816,1522402.375,1491170.125,0
121,0.02662,0.07208267702853306,0.0689967954072076,0.3683202012757324,0.7308230917497712,1598946.625,1607028.375,0
122,0.02684,0.07267840163207466,0.0691849875601113,0.3680436102572811,0.730970849541803,1583438.0,1543305.0,0
123,0.02706,0.07327412623561626,0.0702507103608173,0.3664772890781784,0.7318087230521022,1518592.375,1546836.0625,0
124,0.027280000000000002,0.07386985083915786,0.07077832626805752,0.36570183792953603,0.7322242470699489,1641411.0,1626911.75,0
125,0.0275,0.07446557544269944,0.07137566688374931,0.364823910520198,0.7326952526929671,1608958.25,1665844.125,0
126,0.02772,0.07506130004624105,0.07149155193159226,0.364653591179505,0.7327866987369845,1696796.875,1704481.375,0
127,0.02794,0.07565702464978263,0.07204079541043562,0.3638463534129615,0.733220422885281,1684063.5,1704205.4375,0
128,0.02816,0.07625274925332423,0.07166376550547585,0.3644004843041298,0.7329226363548376,1777224.5,1805946.5,0
129,0.028380000000000002,0.07684847385686583,0.07329584016256188,0.3620017807204426,0.7342134306689683,1956242.25,1944846.1875,0
130,0.0286,0.07744419846040743,0.07293317483874136,0.36253479960419915,0.7339262089236096,1781850.875,1814855.5625,0
131,0.028820000000000002,0.07803992306394902,0.07497794875395325,0.3595295409311639,0.735548562861741,1855916.5,1881289.5,0
132,0.02904,0.07863564766749061,0.0740908955186542,0.36083326669223426,0.7348438816686863,1863975.375,1889811.0625,0
133,0.02926,0.0792313722710322,0.0759900868250159,0.35804197465611437,0.7363542649358991,1907848.375,1851112.125,0
134,0.029480000000000003,0.07982709687457382,0.07693718078148155,0.35665000544833386,0.7371097895433456,1900028.125,1911870.625,0
135,0.0297,0.0804228214781154,0.07685567388850016,0.3567697982993783,0.7370447081394605,1761226.0,1757013.75,0
136,0.029920000000000002,0.081018546081657,0.07870660665822546,0.35404943311961923,0.7385254744327034,1862585.625,1856970.75,0
137,0.03014,0.0816142706851986,0.07799919138706171,0.3550891401812589,0.7379588326316587,1786957.875,1793525.0625,0
138,0.03036,0.08220999528874019,0.07865818672180083,0.35412059718954664,0.7384866621743161,1896958.0,1878771.8125,0
139,0.03058,0.08280571989228178,0.07863720474935008,0.35415143495318196,0.7384698447958841,1879924.875,1866103.0625,0
140,0.0308,0.08340144449582337,0.08043729658582954,0.3515057920468466,0.7399154379394162,1896591.25,1833973.4375,0
141,0.031020000000000002,0.08399716909936498,0.07968178417781738,0.35261618875128087,0.7393080227164722,1841242.125,1843588.625,0
142,0.03124,0.08459289370290657,0.08299031843371188,0.3477535478531399,0.7419754164942971,1866654.5,1833122.4375,0
143,0.03146,0.08518861830644817,0.08080076890859042,0.35097158709525805,0.740208017364831,1770885.625,1797966.0,0
144,0.03168,0.08578434290998976,0.08345482702381202,0.3470708472089696,0.7423514524658636,1831158.625,1794435.375,0
145,0.0319,0.08638006751353135,0.08286668619604103,0.34793525344502124,0.7418753960505324,1811686.25,1836813.375,0
146,0.03212,0.08697579211707296,0.08421502002567863,0.34595357131110893,0.7429676783173794,1855938.375,1833107.25,0
147,0.03234,0.08757151672061454,0.08589664441770584,0.3434820431625294,0.7443344740552098,1992871.5,1950362.3125,0
148,0.03256,0.08816724132415614,0.08458252734314156,0.34541343602035973,0.7432659532209899,1792292.375,1783773.8125,0
149,0.032780000000000004,0.08876296592769775,0.08673882851191815,0.342244262772925,0.7450208786395652,1787385.125,1810219.8125,0
150,0.033,0.08935869053123933,0.08575332140588901,0.3436926888095145,0.7442177875403791,1758823.875,1722734.5625,0
151,0.03322,0.08995441513478093,0.08757891440888531,0.34100956615968425,0.7457068355326874,1646096.0,1698854.5625,0
152,0.033440000000000004,0.09055013973832253,0.08866368238458502,0.33941525377974335,0.7465944539440361,1799730.25,1753496.4375,0
153,0.03366,0.09114586434186413,0.08784086626494249,0.3406245685413769,0.7459209859834343,1714623.0,1692116.125,0
154,0.03388,0.09174158894540571,0.08833216721986438,0.3399024904451799,0.7463229653881396,1830173.25,1791903.3125,0
155,0.0341,0.09233731354894731,0.0889067504654366,0.33905801014870773,0.746793635840277,1891676.5,1837980.75,0
156,0.03432,0.09293303815248892,0.08997408726402333,0.33748931683394096,0.7476695233477946,1854775.875,1825414.0625,0
157,0.03454,0.0935287627560305,0.09019020158026532,0.33717168786849805,0.747847123202285,1824138.75,1812299.5,0
158,0.03476,0.0941244873595721,0.0903459523757645,0.3369427767768982,0.747975169446519,1741291.125,1766427.0625,0
159,0.034980000000000004,0.0947202119631137,0.0911716736915924,0.3357291921710692,0.7486547466815625,1777229.125,1768171.375,0
160,0.0352,0.0953159365666553,0.0911577933098173,0.3357495925377818,0.7486433127784876,1832479.75,1823960.25,0
161,0.03542,0.09591166117019688,0.0917899962797348,0.33482042699809605,0.74916444172863,1775200.25,1728864.6875,0
162,0.03564,0.09650738577373848,0.09412206181773274,0.3313929281768248,0.7510930686475662,1844751.75,1873768.5,0
163,0.03586,0.09710311037728009,0.09338430338640963,0.33247723138895224,0.7504818667390035,1754517.5,1721253.875,0
164,0.03608,0.09769883498082167,0.09412932480819648,0.3313822535663356,0.7510990906791258,1818302.125,1865553.6875,0
165,0.0363,0.09829455958436327,0.09495117252911044,0.3301743620861008,0.7517811412570821,1755009.375,1713760.6875,0
166,0.036520000000000004,0.09889028418790487,0.09494487793737527,0.33018361341519126,0.751775912674598,1848936.75,1906187.625,0
167,0.03674,0.09948600879144646,0.0964484783631479,0.3279737318303783,0.7530269432526168,1973200.375,1891660.0,0
168,0.03696,0.10008173339498805,0.09625512141702561,0.3282579136829551,0.7528658325303923,1906513.25,1877723.125,0
169,0.037180000000000005,0.10067745799852966,0.09868192863062765,0.3246911704981926,0.7548929307228023,1980235.25,1967425.4375,0
170,0.0374,0.10127318260207126,0.09836106585192053,0.325162751068245,0.7546242898797724,2115414.0,2056977.75,0
171,0.03762,0.10186890720561284,0.09884139162125281,0.3244568034945649,0.7550265115189192,2035815.625,2048967.25,0
172,0.03784,0.10246463180915442,0.09982641452791766,0.32300908909867476,0.7558527059562903,2067160.375,2061027.1875,0
173,0.038060000000000004,0.10306035641269604,0.10082854581211928,0.32153623006474347,0.7566951077466934,2124907.75,2083607.75,0
174,0.03828,0.10365608101623763,0.09938708430475827,0.3236547844264829,0.7554839915705688,2170765.0,2198873.375,0
175,0.0385,0.10425180561977922,0.10090827730743186,0.3214190465629296,0.7567622115036445,2185846.0,2153190.5,0
176,0.038720000000000004,0.10484753022332083,0.10054948557852544,0.32194637232109174,0.7564603382845146,2165604.75,2140425.25,0
177,0.03894,0.10544325482686241,0.10217768664069739,0.31955336186299893,0.7578321793581424,2194386.25,2238592.875,0
178,0.03916,0.10603897943040401,0.10182551230310231,0.3200709618649377,0.7575350332585488,2151748.5,2190919.625,0
179,0.03938,0.1066347040339456,0.10337720986572337,0.31779039063733017,0.7588460252137402,2287093.0,2213376.75,0
180,0.0396,0.1072304286374872,0.10436513796857384,0.3163384063972442,0.7596830686851663,2231549.25,2331826.375,0
181,0.03982,0.1078261532410288,0.1030381089109629,0.3182887763403886,0.7585591396568145,2158190.5,2209770.625,0
182,0.04004,0.10842187784457039,0.10560259014379914,0.3145196899834656,0.7607341355324836,2192251.25,2264353.75,0
183,0.040260000000000004,0.109017602448112,0.10589585355874429,0.3140886729332718,0.7609836539933246,2198186.0,2178057.375,0
184,0.04048,0.10961332705165358,0.10724192779134879,0.31211031178928944,0.7621310426532103,2214776.75,2204110.625,0
185,0.0407,0.11020905165519518,0.10740155218176192,0.3118757075720954,0.7622673354099317,2274051.5,2255222.75,0
186,0.04092,0.11080477625873676,0.10873939502517437,0.3099094443200005,0.7634115505741081,2106248.25,2167213.0,0
187,0.04114,0.11140050086227837,0.10867063871545138,0.31001049729929747,0.763352661724153,2141911.5,2209782.75,0
188,0.04136,0.11199622546581997,0.10968535918312333,0.30851913560718514,0.7642226795070715,1944348.125,2058751.8125,0
189,0.04158,0.11259195006936155,0.10915838887503537,0.30929363790156195,0.7637706096263672,2043523.25,2055048.9375,0
190,0.041800000000000004,0.11318767467290317,0.11127337169806299,0.3061851913271319,0.7655882233544261,2025054.25,2082297.875,0
191,0.04202,0.11378339927644475,0.11023960605539719,0.30770454422008253,0.7646987268033101,2111864.75,2102210.6875,0
192,0.04224,0.11437912387998635,0.11065698590737749,0.30709110993730804,0.7650576095249878,2022126.25,2064281.625,0
193,0.042460000000000005,0.11497484848352796,0.11123463574892319,0.306242122583074,0.7655548559577264,2034010.875,2033298.0625,0
194,0.04268,0.11557057308706954,0.11226565759519157,0.30472680232075255,0.7664439775601093,1934536.5,2004007.25,0
195,0.0429,0.11616629769061114,0.1127382361746958,0.304032240998261,0.7668522054596452,2112713.25,2100996.5625,0
196,0.04312,0.11676202229415272,0.11339174391664027,0.303071763267807,0.7674174425299708,2032295.125,2088292.5625,0
197,0.043340000000000004,0.11735774689769433,0.11292287753226174,0.303760868678271,0.7670118225083575,2180177.25,2188206.5,0
198,0.04356,0.11795347150123592,0.11471134858399921,0.3011323051487184,0.7685613492516434,2155547.5,2199301.0,0
199,0.04378,0.11854919610477752,0.11484143681319346,0.3009411110141799,0.7686743016526136,2199242.25,2267119.375,0
200,0.044000000000000004,0.11914492070831913,0.116146192700049,0.29902347654320216,0.7698090281332515,2285053.25,2318358.75,0
201,0.04422,0.11974064531186071,0.11646366608320645,0.2985568774580447,0.7700856368783193,2225925.25,2246314.125,0
202,0.04444,0.12033636991540231,0.1167503121068401,0.2981355861640745,0.770335557131555,2324184.25,2309173.5,0
203,0.04466,0.12093209451894389,0.11592136279525064,0.2993539150412319,0.76961325811549,2301990.75,2391839.0,0
204,0.04488,0.1215278191224855,0.11710038824719017,0.2976210699384992,0.770641000802642,2334245.0,2389907.625,0
205,0.0451,0.12212354372602709,0.11665185823611014,0.2982802864395934,0.7702496991172855,2234641.25,2278158.5,0
206,0.04532,0.12271926832956868,0.11923312504690671,0.29448652987176255,0.7725070728229705,2486488.75,2454872.125,0
207,0.045540000000000004,0.1233149929331103,0.11821081878919495,0.2959890406014967,0.771611463269688,2371547.5,2467829.75,0
208,0.04576,0.12391071753665188,0.12076432483644145,0.29223608476709084,0.7738524034331059,2450227.5,2456218.625,0
209,0.04598,0.12450644214019348,0.12093912080693434,0.2919791824746528,0.7740062793307576,2420908.5,2469524.75,0
210,0.046200000000000005,0.1251021667437351,0.12172110278019205,0.29082988274532484,0.7746954214239365,2465969.25,2487828.75,0
211,0.04642,0.12569789134727666,0.12310849535854554,0.28879079492833776,0.7759211222916937,2416325.25,2436507.0,0
212,0.04664,0.12629361595081826,0.12181310065939875,0.2906946710124628,0.7747765776514499,2604660.75,2548085.625,0
213,0.04686,0.12688934055435985,0.1237716870877748,0.28781608438389844,0.7765083944252863,2586185.75,2574482.375,0
214,0.047080000000000004,0.12748506515790145,0.12416469557175469,0.28723846934965414,0.7768568325224351,2708666.75,2670255.875,0
215,0.0473,0.12808078976144305,0.12450573332397206,0.28673723708379867,0.7771594473059266,2538534.75,2555486.875,0
216,0.04752,0.12867651436498465,0.12573866630513114,0.2849251626498799,0.7782554416925859,2617938.5,2613929.25,0
217,0.047740000000000005,0.12927223896852624,0.12584470596590105,0.2847693133367388,0.7783498481940309,2629744.5,2735750.5,0
218,0.04796,0.12986796357206784,0.1277576162542499,0.28195785814747265,0.7800568432452816,2660134.0,2687425.25,0
219,0.04818,0.13046368817560944,0.12615846715393264,0.2843081701636091,0.7786293221763194,2564423.0,2623785.125,0
220,0.0484,0.131059412779151,0.12626482961427862,0.28415184642333535,0.7787241071102572,2668815.25,2638328.5,0
221,0.048620000000000003,0.13165513738269263,0.12825908539582087,0.28122083559659095,0.7805055711058253,2627482.25,2636190.125,0
222,0.04884,0.1322508619862342,0.12789399907517915,0.28175741268384386,0.7801788311144788,2792396.5,2776035.75,0
223,0.04906,0.1328465865897758,0.12952300713629158,0.27936321615791876,0.7816388554636735,2816318.0,2786411.875,0
224,0.049280000000000004,0.13344231119331743,0.1288223706562273,0.2803929602497686,0.78101022970708,2867118.5,2898113.875,0
225,0.0495,0.134038035796859,0.12865177108022458,0.28064369498947955,0.7808573172323431,2944936.5,2915707.125,0
226,0.04972,0.1346337604004006,0.12961145422016054,0.27923322312351806,0.7817182839875663,3123934.0,3063836.75,0
227,0.049940000000000005,0.1352294850039422,0.1300328690668429,0.278613858501583,0.7820969508119577,3188693.0,3214672.875,0
228,0.05016,0.1358252096074838,0.13234443683175437,0.27521648580324776,0.7841805772845767,3034629.0,3050123.25,0
229,0.05038,0.13642093421102539,0.13085181159157133,0.2774102368655438,0.7828338705455802,3039906.25,3018103.75,0
230,0.0506,0.13701665881456698,0.131806814137653,0.2760066441930085,0.7836949788239035,3036052.0,2953266.0,0
231,0.050820000000000004,0.13761238341810858,0.1325450567683404,0.2749216293401817,0.7843619380098966,2905727.25,2898088.125,0
232,0.05104,0.13820810802165018,0.1340581797816099,0.2726977521549497,0.785732510571961,2919404.75,2942123.0,0
233,0.05126,0.13880383262519178,0.13296695581438692,0.2743015530775475,0.7847436092225692,3140161.5,3119516.75,0
234,0.051480000000000005,0.13939955722873337,0.1346466434089572,0.27183287149176494,0.7862668298760628,2947083.25,3022383.125,0
235,0.0517,0.13999528183227497,0.13491569685569005,0.27143743647653484,0.7865113699744798,3196101.5,3149392.875,0
236,0.05192,0.14059100643581654,0.1360311307911252,0.2697980535189735,0.7875268017845153,3100084.75,3150860.875,0
237,0.05214,0.14118673103935814,0.13587715539329498,0.2700243552613426,0.787386474800495,2988029.5,2971293.125,0
238,0.052360000000000004,0.14178245564289976,0.13732749388900042,0.26789275415344993,0.7887102412440891,3103305.0,3070315.5,0
239,0.05258,0.14237818024644133,0.1374646837088702,0.2676911226219889,0.7888356888795447,3097895.5,3001202.625,0
240,0.0528,0.14297390484998293,0.13912919972336074,0.2652447391114503,0.7903609231382973,3020787.5,3125631.75,0
241,0.053020000000000005,0.14356962945352453,0.1395122014204795,0.26468183131832446,0.7907127114790478,3115449.75,3063499.875,0
242,0.05324,0.14416535405706613,0.13960080990413654,0.26455160107035725,0.790794143278588,3095838.75,3183445.75,0
243,0.05346,0.14476107866060772,0.14072818742388987,0.2628946643088803,0.7918316770680558,3155058.0,3069866.125,0
244,0.05368,0.14535680326414932,0.14218756430772803,0.2607497792412677,0.7931788023804457,3111670.0,3171895.75,0
245,0.0539,0.14595252786769092,0.14170158954581286,0.2614640292897727,0.7927296988111648,3141189.75,3164899.25,0
246,0.05412,0.14654825247123252,0.14236219887843282,0.2604931141623962,0.7933403116323289,3154368.75,3152512.625,0
247,0.05434,0.1471439770747741,0.14239464023583734,0.2604454342355448,0.7933703219818445,3081043.5,3194478.625,0
248,0.054560000000000004,0.1477397016783157,0.14365775497736769,0.2585890008647046,0.794540552406669,3294037.75,3312747.375,0
249,0.05478,0.1483354262818573,0.14267160227218617,0.2600383757555599,0.7936266222053495,3332061.25,3328783.625,0
250,0.055,0.14893115088539888,0.14441133058792296,0.2574814507230674,0.7952403587543877,3485080.25,3403968.25,0
251,0.055220000000000005,0.1495268754889405,0.144545292412031,0.25728456346293493,0.7953648911792117,3439564.75,3450628.75,0
252,0.05544,0.1501226000924821,0.1458787774611652,0.25532470497713355,0.7966066437115292,3421682.5,3347925.375,0
